Workbook

Sheet Attributes
A1: ID | B1: Attribute Name | C1: Factor (Tech/PastPerf/Mgmt) | D1: Weight (0-1) | E1: RuleType (COUNT/RANGE_LINEAR/TIERED/THRESHOLD) | F1: Unit | G1: COUNT_PointsPerUnit | H1: COUNT_MaxUnitsCredited | I1: RANGE_MinValue | J1: RANGE_MaxValue | K1: RANGE_MaxPoints | L1: RANGE_Direction (Higher/Lower) | M1: TIER1_MinValue | N1: TIER1_Points | O1: TIER2_MinValue | P1: TIER2_Points | Q1: TIER3_MinValue | R1: TIER3_Points | S1: THRESH_MinValue | T1: THRESH_Points_Pass | U1: THRESH_Points_Fail | V1: Notes
A2: A1 | B2: Relevant Projects (last 5 yrs) | C2: PastPerf | D2: 0.3 | E2: COUNT | F2: projects | G2: 5 | H2: 6 | U2: Counts completed, similar projects; evidence: CPARS or references
A3: A2 | B3: Key Personnel Certifications above minimum | C3: Tech | D3: 0.1 | E3: COUNT | F3: certs | G3: 2 | H3: 5 | U3: Only certifications beyond minimum stated in PWS count
A4: A3 | B4: SLA Uptime Commitment (%) | C4: Tech | D4: 0.2 | E4: RANGE_LINEAR | F4: percent | I4: 99 | J4: 99.99 | K4: 20 | L4: Higher | U4: Linear scale: 99.0%→0 pts; 99.99%→20 pts
A5: A4 | B5: Delivery Days ARO | C5: Tech | D5: 0.15 | E5: RANGE_LINEAR | F5: days | I5: 60 | J5: 15 | K5: 15 | L5: Lower | U5: Linear scale: 60d→0 pts; 15d→15 pts
A6: A5 | B6: Security/Compliance Level | C6: Tech | D6: 0.15 | E6: TIERED | F6: level | M6: 1 | N6: 5 | O6: 2 | P6: 12 | Q6: 3 | R6: 20 | U6: Levels: 1=Baseline, 2=Enhanced, 3=Advanced
A7: A6 | B7: Quality System (ISO 9001 or equivalent) | C7: Mgmt | D7: 0.1 | E7: THRESHOLD | F7: bool | S7: 1 | T7: 10 | U7: 0 | V7: 1=Certified (10 pts), 0=Not (0 pts)

Sheet Scores
A1: Offeror | B1: Attribute ID | C1: Observed Value | D1: Units Count (for COUNT) | E1: Points (auto) | F1: Weight (auto) | G1: Weighted Points (auto)
A2: Offeror A | B2: A1 | D2: 3 | E2: =LET( id,B2, typ,XLOOKUP(id,Attributes!A:A,Attributes!E:E,"",0), val,IFERROR(C2,0), cnt,IFERROR(D2,0), ppu,XLOOKUP(id,Attributes!A:A,Attributes!G:G,"",0), maxu,XLOOKUP(id,Attributes!A:A,Attributes!H:H,"",0), rmin,XLOOKUP(id,Attributes!A:A,Attributes!I:I,"",0), rmax,XLOOKUP(id,Attributes!A:A,Attributes!J:J,"",0), rpts,XLOOKUP(id,Attributes!A:A,Attributes!K:K,"",0), rdir,XLOOKUP(id,Attributes!A:A,Attributes!L:L,"",0), t1v,XLOOKUP(id,Attributes!A:A,Attributes!M:M,"",0), t1p,XLOOKUP(id,Attributes!A:A,Attributes!N:N,"",0), t2v,XLOOKUP(id,Attributes!A:A,Attributes!O:O,"",0), t2p,XLOOKUP(id,Attributes!A:A,Attributes!P:P,"",0), t3v,XLOOKUP(id,Attributes!A:A,Attributes!Q:Q,"",0), t3p,XLOOKUP(id,Attributes!A:A,Attributes!R:R,"",0), thv,XLOOKUP(id,Attributes!A:A,Attributes!S:S,"",0), thpp,XLOOKUP(id,Attributes!A:A,Attributes!T:T,"",0), thpf,XLOOKUP(id,Attributes!A:A,Attributes!U:U,"",0), pts, IF(typ="COUNT", MIN(cnt,maxu)*ppu, IF(typ="RANGE_LINEAR", IF(rdir="Higher", IF(val<=rmin,0,IF(val>=rmax,rpts,(val-rmin)/(rmax-rmin)*rpts)), IF(val>=rmin,0,IF(val<=rmax,rpts,(rmin-val)/(rmin-rmax)*rpts)) ), IF(typ="TIERED", IF(val>=t3v,t3p,IF(val>=t2v,t2p,IF(val>=t1v,t1p,0))), IF(typ="THRESHOLD", IF(val>=thv,thpp,thpf), 0)))), pts) | F2: =XLOOKUP(B2,Attributes!A:A,Attributes!D:D,"",0) | G2: =E2*F2
A3: Offeror A | B3: A2 | D3: 4 | E3: =LET( id,B3, typ,XLOOKUP(id,Attributes!A:A,Attributes!E:E,"",0), val,IFERROR(C3,0), cnt,IFERROR(D3,0), ppu,XLOOKUP(id,Attributes!A:A,Attributes!G:G,"",0), maxu,XLOOKUP(id,Attributes!A:A,Attributes!H:H,"",0), rmin,XLOOKUP(id,Attributes!A:A,Attributes!I:I,"",0), rmax,XLOOKUP(id,Attributes!A:A,Attributes!J:J,"",0), rpts,XLOOKUP(id,Attributes!A:A,Attributes!K:K,"",0), rdir,XLOOKUP(id,Attributes!A:A,Attributes!L:L,"",0), t1v,XLOOKUP(id,Attributes!A:A,Attributes!M:M,"",0), t1p,XLOOKUP(id,Attributes!A:A,Attributes!N:N,"",0), t2v,XLOOKUP(id,Attributes!A:A,Attributes!O:O,"",0), t2p,XLOOKUP(id,Attributes!A:A,Attributes!P:P,"",0), t3v,XLOOKUP(id,Attributes!A:A,Attributes!Q:Q,"",0), t3p,XLOOKUP(id,Attributes!A:A,Attributes!R:R,"",0), thv,XLOOKUP(id,Attributes!A:A,Attributes!S:S,"",0), thpp,XLOOKUP(id,Attributes!A:A,Attributes!T:T,"",0), thpf,XLOOKUP(id,Attributes!A:A,Attributes!U:U,"",0), pts, IF(typ="COUNT", MIN(cnt,maxu)*ppu, IF(typ="RANGE_LINEAR", IF(rdir="Higher", IF(val<=rmin,0,IF(val>=rmax,rpts,(val-rmin)/(rmax-rmin)*rpts)), IF(val>=rmin,0,IF(val<=rmax,rpts,(rmin-val)/(rmin-rmax)*rpts)) ), IF(typ="TIERED", IF(val>=t3v,t3p,IF(val>=t2v,t2p,IF(val>=t1v,t1p,0))), IF(typ="THRESHOLD", IF(val>=thv,thpp,thpf), 0)))), pts) | F3: =XLOOKUP(B3,Attributes!A:A,Attributes!D:D,"",0) | G3: =E3*F3
A4: Offeror A | B4: A3 | C4: 99.95 | E4: =LET( id,B4, typ,XLOOKUP(id,Attributes!A:A,Attributes!E:E,"",0), val,IFERROR(C4,0), cnt,IFERROR(D4,0), ppu,XLOOKUP(id,Attributes!A:A,Attributes!G:G,"",0), maxu,XLOOKUP(id,Attributes!A:A,Attributes!H:H,"",0), rmin,XLOOKUP(id,Attributes!A:A,Attributes!I:I,"",0), rmax,XLOOKUP(id,Attributes!A:A,Attributes!J:J,"",0), rpts,XLOOKUP(id,Attributes!A:A,Attributes!K:K,"",0), rdir,XLOOKUP(id,Attributes!A:A,Attributes!L:L,"",0), t1v,XLOOKUP(id,Attributes!A:A,Attributes!M:M,"",0), t1p,XLOOKUP(id,Attributes!A:A,Attributes!N:N,"",0), t2v,XLOOKUP(id,Attributes!A:A,Attributes!O:O,"",0), t2p,XLOOKUP(id,Attributes!A:A,Attributes!P:P,"",0), t3v,XLOOKUP(id,Attributes!A:A,Attributes!Q:Q,"",0), t3p,XLOOKUP(id,Attributes!A:A,Attributes!R:R,"",0), thv,XLOOKUP(id,Attributes!A:A,Attributes!S:S,"",0), thpp,XLOOKUP(id,Attributes!A:A,Attributes!T:T,"",0), thpf,XLOOKUP(id,Attributes!A:A,Attributes!U:U,"",0), pts, IF(typ="COUNT", MIN(cnt,maxu)*ppu, IF(typ="RANGE_LINEAR", IF(rdir="Higher", IF(val<=rmin,0,IF(val>=rmax,rpts,(val-rmin)/(rmax-rmin)*rpts)), IF(val>=rmin,0,IF(val<=rmax,rpts,(rmin-val)/(rmin-rmax)*rpts)) ), IF(typ="TIERED", IF(val>=t3v,t3p,IF(val>=t2v,t2p,IF(val>=t1v,t1p,0))), IF(typ="THRESHOLD", IF(val>=thv,thpp,thpf), 0)))), pts) | F4: =XLOOKUP(B4,Attributes!A:A,Attributes!D:D,"",0) | G4: =E4*F4
A5: Offeror A | B5: A4 | C5: 25 | E5: =LET( id,B5, typ,XLOOKUP(id,Attributes!A:A,Attributes!E:E,"",0), val,IFERROR(C5,0), cnt,IFERROR(D5,0), ppu,XLOOKUP(id,Attributes!A:A,Attributes!G:G,"",0), maxu,XLOOKUP(id,Attributes!A:A,Attributes!H:H,"",0), rmin,XLOOKUP(id,Attributes!A:A,Attributes!I:I,"",0), rmax,XLOOKUP(id,Attributes!A:A,Attributes!J:J,"",0), rpts,XLOOKUP(id,Attributes!A:A,Attributes!K:K,"",0), rdir,XLOOKUP(id,Attributes!A:A,Attributes!L:L,"",0), t1v,XLOOKUP(id,Attributes!A:A,Attributes!M:M,"",0), t1p,XLOOKUP(id,Attributes!A:A,Attributes!N:N,"",0), t2v,XLOOKUP(id,Attributes!A:A,Attributes!O:O,"",0), t2p,XLOOKUP(id,Attributes!A:A,Attributes!P:P,"",0), t3v,XLOOKUP(id,Attributes!A:A,Attributes!Q:Q,"",0), t3p,XLOOKUP(id,Attributes!A:A,Attributes!R:R,"",0), thv,XLOOKUP(id,Attributes!A:A,Attributes!S:S,"",0), thpp,XLOOKUP(id,Attributes!A:A,Attributes!T:T,"",0), thpf,XLOOKUP(id,Attributes!A:A,Attributes!U:U,"",0), pts, IF(typ="COUNT", MIN(cnt,maxu)*ppu, IF(typ="RANGE_LINEAR", IF(rdir="Higher", IF(val<=rmin,0,IF(val>=rmax,rpts,(val-rmin)/(rmax-rmin)*rpts)), IF(val>=rmin,0,IF(val<=rmax,rpts,(rmin-val)/(rmin-rmax)*rpts)) ), IF(typ="TIERED", IF(val>=t3v,t3p,IF(val>=t2v,t2p,IF(val>=t1v,t1p,0))), IF(typ="THRESHOLD", IF(val>=thv,thpp,thpf), 0)))), pts) | F5: =XLOOKUP(B5,Attributes!A:A,Attributes!D:D,"",0) | G5: =E5*F5
A6: Offeror A | B6: A5 | C6: 2 | E6: =LET( id,B6, typ,XLOOKUP(id,Attributes!A:A,Attributes!E:E,"",0), val,IFERROR(C6,0), cnt,IFERROR(D6,0), ppu,XLOOKUP(id,Attributes!A:A,Attributes!G:G,"",0), maxu,XLOOKUP(id,Attributes!A:A,Attributes!H:H,"",0), rmin,XLOOKUP(id,Attributes!A:A,Attributes!I:I,"",0), rmax,XLOOKUP(id,Attributes!A:A,Attributes!J:J,"",0), rpts,XLOOKUP(id,Attributes!A:A,Attributes!K:K,"",0), rdir,XLOOKUP(id,Attributes!A:A,Attributes!L:L,"",0), t1v,XLOOKUP(id,Attributes!A:A,Attributes!M:M,"",0), t1p,XLOOKUP(id,Attributes!A:A,Attributes!N:N,"",0), t2v,XLOOKUP(id,Attributes!A:A,Attributes!O:O,"",0), t2p,XLOOKUP(id,Attributes!A:A,Attributes!P:P,"",0), t3v,XLOOKUP(id,Attributes!A:A,Attributes!Q:Q,"",0), t3p,XLOOKUP(id,Attributes!A:A,Attributes!R:R,"",0), thv,XLOOKUP(id,Attributes!A:A,Attributes!S:S,"",0), thpp,XLOOKUP(id,Attributes!A:A,Attributes!T:T,"",0), thpf,XLOOKUP(id,Attributes!A:A,Attributes!U:U,"",0), pts, IF(typ="COUNT", MIN(cnt,maxu)*ppu, IF(typ="RANGE_LINEAR", IF(rdir="Higher", IF(val<=rmin,0,IF(val>=rmax,rpts,(val-rmin)/(rmax-rmin)*rpts)), IF(val>=rmin,0,IF(val<=rmax,rpts,(rmin-val)/(rmin-rmax)*rpts)) ), IF(typ="TIERED", IF(val>=t3v,t3p,IF(val>=t2v,t2p,IF(val>=t1v,t1p,0))), IF(typ="THRESHOLD", IF(val>=thv,thpp,thpf), 0)))), pts) | F6: =XLOOKUP(B6,Attributes!A:A,Attributes!D:D,"",0) | G6: =E6*F6
A7: Offeror A | B7: A6 | C7: 1 | E7: =LET( id,B7, typ,XLOOKUP(id,Attributes!A:A,Attributes!E:E,"",0), val,IFERROR(C7,0), cnt,IFERROR(D7,0), ppu,XLOOKUP(id,Attributes!A:A,Attributes!G:G,"",0), maxu,XLOOKUP(id,Attributes!A:A,Attributes!H:H,"",0), rmin,XLOOKUP(id,Attributes!A:A,Attributes!I:I,"",0), rmax,XLOOKUP(id,Attributes!A:A,Attributes!J:J,"",0), rpts,XLOOKUP(id,Attributes!A:A,Attributes!K:K,"",0), rdir,XLOOKUP(id,Attributes!A:A,Attributes!L:L,"",0), t1v,XLOOKUP(id,Attributes!A:A,Attributes!M:M,"",0), t1p,XLOOKUP(id,Attributes!A:A,Attributes!N:N,"",0), t2v,XLOOKUP(id,Attributes!A:A,Attributes!O:O,"",0), t2p,XLOOKUP(id,Attributes!A:A,Attributes!P:P,"",0), t3v,XLOOKUP(id,Attributes!A:A,Attributes!Q:Q,"",0), t3p,XLOOKUP(id,Attributes!A:A,Attributes!R:R,"",0), thv,XLOOKUP(id,Attributes!A:A,Attributes!S:S,"",0), thpp,XLOOKUP(id,Attributes!A:A,Attributes!T:T,"",0), thpf,XLOOKUP(id,Attributes!A:A,Attributes!U:U,"",0), pts, IF(typ="COUNT", MIN(cnt,maxu)*ppu, IF(typ="RANGE_LINEAR", IF(rdir="Higher", IF(val<=rmin,0,IF(val>=rmax,rpts,(val-rmin)/(rmax-rmin)*rpts)), IF(val>=rmin,0,IF(val<=rmax,rpts,(rmin-val)/(rmin-rmax)*rpts)) ), IF(typ="TIERED", IF(val>=t3v,t3p,IF(val>=t2v,t2p,IF(val>=t1v,t1p,0))), IF(typ="THRESHOLD", IF(val>=thv,thpp,thpf), 0)))), pts) | F7: =XLOOKUP(B7,Attributes!A:A,Attributes!D:D,"",0) | G7: =E7*F7
A8: Offeror B | B8: A1 | D8: 6 | E8: =LET( id,B8, typ,XLOOKUP(id,Attributes!A:A,Attributes!E:E,"",0), val,IFERROR(C8,0), cnt,IFERROR(D8,0), ppu,XLOOKUP(id,Attributes!A:A,Attributes!G:G,"",0), maxu,XLOOKUP(id,Attributes!A:A,Attributes!H:H,"",0), rmin,XLOOKUP(id,Attributes!A:A,Attributes!I:I,"",0), rmax,XLOOKUP(id,Attributes!A:A,Attributes!J:J,"",0), rpts,XLOOKUP(id,Attributes!A:A,Attributes!K:K,"",0), rdir,XLOOKUP(id,Attributes!A:A,Attributes!L:L,"",0), t1v,XLOOKUP(id,Attributes!A:A,Attributes!M:M,"",0), t1p,XLOOKUP(id,Attributes!A:A,Attributes!N:N,"",0), t2v,XLOOKUP(id,Attributes!A:A,Attributes!O:O,"",0), t2p,XLOOKUP(id,Attributes!A:A,Attributes!P:P,"",0), t3v,XLOOKUP(id,Attributes!A:A,Attributes!Q:Q,"",0), t3p,XLOOKUP(id,Attributes!A:A,Attributes!R:R,"",0), thv,XLOOKUP(id,Attributes!A:A,Attributes!S:S,"",0), thpp,XLOOKUP(id,Attributes!A:A,Attributes!T:T,"",0), thpf,XLOOKUP(id,Attributes!A:A,Attributes!U:U,"",0), pts, IF(typ="COUNT", MIN(cnt,maxu)*ppu, IF(typ="RANGE_LINEAR", IF(rdir="Higher", IF(val<=rmin,0,IF(val>=rmax,rpts,(val-rmin)/(rmax-rmin)*rpts)), IF(val>=rmin,0,IF(val<=rmax,rpts,(rmin-val)/(rmin-rmax)*rpts)) ), IF(typ="TIERED", IF(val>=t3v,t3p,IF(val>=t2v,t2p,IF(val>=t1v,t1p,0))), IF(typ="THRESHOLD", IF(val>=thv,thpp,thpf), 0)))), pts) | F8: =XLOOKUP(B8,Attributes!A:A,Attributes!D:D,"",0) | G8: =E8*F8
A9: Offeror B | B9: A2 | D9: 1 | E9: =LET( id,B9, typ,XLOOKUP(id,Attributes!A:A,Attributes!E:E,"",0), val,IFERROR(C9,0), cnt,IFERROR(D9,0), ppu,XLOOKUP(id,Attributes!A:A,Attributes!G:G,"",0), maxu,XLOOKUP(id,Attributes!A:A,Attributes!H:H,"",0), rmin,XLOOKUP(id,Attributes!A:A,Attributes!I:I,"",0), rmax,XLOOKUP(id,Attributes!A:A,Attributes!J:J,"",0), rpts,XLOOKUP(id,Attributes!A:A,Attributes!K:K,"",0), rdir,XLOOKUP(id,Attributes!A:A,Attributes!L:L,"",0), t1v,XLOOKUP(id,Attributes!A:A,Attributes!M:M,"",0), t1p,XLOOKUP(id,Attributes!A:A,Attributes!N:N,"",0), t2v,XLOOKUP(id,Attributes!A:A,Attributes!O:O,"",0), t2p,XLOOKUP(id,Attributes!A:A,Attributes!P:P,"",0), t3v,XLOOKUP(id,Attributes!A:A,Attributes!Q:Q,"",0), t3p,XLOOKUP(id,Attributes!A:A,Attributes!R:R,"",0), thv,XLOOKUP(id,Attributes!A:A,Attributes!S:S,"",0), thpp,XLOOKUP(id,Attributes!A:A,Attributes!T:T,"",0), thpf,XLOOKUP(id,Attributes!A:A,Attributes!U:U,"",0), pts, IF(typ="COUNT", MIN(cnt,maxu)*ppu, IF(typ="RANGE_LINEAR", IF(rdir="Higher", IF(val<=rmin,0,IF(val>=rmax,rpts,(val-rmin)/(rmax-rmin)*rpts)), IF(val>=rmin,0,IF(val<=rmax,rpts,(rmin-val)/(rmin-rmax)*rpts)) ), IF(typ="TIERED", IF(val>=t3v,t3p,IF(val>=t2v,t2p,IF(val>=t1v,t1p,0))), IF(typ="THRESHOLD", IF(val>=thv,thpp,thpf), 0)))), pts) | F9: =XLOOKUP(B9,Attributes!A:A,Attributes!D:D,"",0) | G9: =E9*F9
A10: Offeror B | B10: A3 | C10: 99.99 | E10: =LET( id,B10, typ,XLOOKUP(id,Attributes!A:A,Attributes!E:E,"",0), val,IFERROR(C10,0), cnt,IFERROR(D10,0), ppu,XLOOKUP(id,Attributes!A:A,Attributes!G:G,"",0), maxu,XLOOKUP(id,Attributes!A:A,Attributes!H:H,"",0), rmin,XLOOKUP(id,Attributes!A:A,Attributes!I:I,"",0), rmax,XLOOKUP(id,Attributes!A:A,Attributes!J:J,"",0), rpts,XLOOKUP(id,Attributes!A:A,Attributes!K:K,"",0), rdir,XLOOKUP(id,Attributes!A:A,Attributes!L:L,"",0), t1v,XLOOKUP(id,Attributes!A:A,Attributes!M:M,"",0), t1p,XLOOKUP(id,Attributes!A:A,Attributes!N:N,"",0), t2v,XLOOKUP(id,Attributes!A:A,Attributes!O:O,"",0), t2p,XLOOKUP(id,Attributes!A:A,Attributes!P:P,"",0), t3v,XLOOKUP(id,Attributes!A:A,Attributes!Q:Q,"",0), t3p,XLOOKUP(id,Attributes!A:A,Attributes!R:R,"",0), thv,XLOOKUP(id,Attributes!A:A,Attributes!S:S,"",0), thpp,XLOOKUP(id,Attributes!A:A,Attributes!T:T,"",0), thpf,XLOOKUP(id,Attributes!A:A,Attributes!U:U,"",0), pts, IF(typ="COUNT", MIN(cnt,maxu)*ppu, IF(typ="RANGE_LINEAR", IF(rdir="Higher", IF(val<=rmin,0,IF(val>=rmax,rpts,(val-rmin)/(rmax-rmin)*rpts)), IF(val>=rmin,0,IF(val<=rmax,rpts,(rmin-val)/(rmin-rmax)*rpts)) ), IF(typ="TIERED", IF(val>=t3v,t3p,IF(val>=t2v,t2p,IF(val>=t1v,t1p,0))), IF(typ="THRESHOLD", IF(val>=thv,thpp,thpf), 0)))), pts) | F10: =XLOOKUP(B10,Attributes!A:A,Attributes!D:D,"",0) | G10: =E10*F10
A11: Offeror B | B11: A4 | C11: 40 | E11: =LET( id,B11, typ,XLOOKUP(id,Attributes!A:A,Attributes!E:E,"",0), val,IFERROR(C11,0), cnt,IFERROR(D11,0), ppu,XLOOKUP(id,Attributes!A:A,Attributes!G:G,"",0), maxu,XLOOKUP(id,Attributes!A:A,Attributes!H:H,"",0), rmin,XLOOKUP(id,Attributes!A:A,Attributes!I:I,"",0), rmax,XLOOKUP(id,Attributes!A:A,Attributes!J:J,"",0), rpts,XLOOKUP(id,Attributes!A:A,Attributes!K:K,"",0), rdir,XLOOKUP(id,Attributes!A:A,Attributes!L:L,"",0), t1v,XLOOKUP(id,Attributes!A:A,Attributes!M:M,"",0), t1p,XLOOKUP(id,Attributes!A:A,Attributes!N:N,"",0), t2v,XLOOKUP(id,Attributes!A:A,Attributes!O:O,"",0), t2p,XLOOKUP(id,Attributes!A:A,Attributes!P:P,"",0), t3v,XLOOKUP(id,Attributes!A:A,Attributes!Q:Q,"",0), t3p,XLOOKUP(id,Attributes!A:A,Attributes!R:R,"",0), thv,XLOOKUP(id,Attributes!A:A,Attributes!S:S,"",0), thpp,XLOOKUP(id,Attributes!A:A,Attributes!T:T,"",0), thpf,XLOOKUP(id,Attributes!A:A,Attributes!U:U,"",0), pts, IF(typ="COUNT", MIN(cnt,maxu)*ppu, IF(typ="RANGE_LINEAR", IF(rdir="Higher", IF(val<=rmin,0,IF(val>=rmax,rpts,(val-rmin)/(rmax-rmin)*rpts)), IF(val>=rmin,0,IF(val<=rmax,rpts,(rmin-val)/(rmin-rmax)*rpts)) ), IF(typ="TIERED", IF(val>=t3v,t3p,IF(val>=t2v,t2p,IF(val>=t1v,t1p,0))), IF(typ="THRESHOLD", IF(val>=thv,thpp,thpf), 0)))), pts) | F11: =XLOOKUP(B11,Attributes!A:A,Attributes!D:D,"",0) | G11: =E11*F11
A12: Offeror B | B12: A5 | C12: 3 | E12: =LET( id,B12, typ,XLOOKUP(id,Attributes!A:A,Attributes!E:E,"",0), val,IFERROR(C12,0), cnt,IFERROR(D12,0), ppu,XLOOKUP(id,Attributes!A:A,Attributes!G:G,"",0), maxu,XLOOKUP(id,Attributes!A:A,Attributes!H:H,"",0), rmin,XLOOKUP(id,Attributes!A:A,Attributes!I:I,"",0), rmax,XLOOKUP(id,Attributes!A:A,Attributes!J:J,"",0), rpts,XLOOKUP(id,Attributes!A:A,Attributes!K:K,"",0), rdir,XLOOKUP(id,Attributes!A:A,Attributes!L:L,"",0), t1v,XLOOKUP(id,Attributes!A:A,Attributes!M:M,"",0), t1p,XLOOKUP(id,Attributes!A:A,Attributes!N:N,"",0), t2v,XLOOKUP(id,Attributes!A:A,Attributes!O:O,"",0), t2p,XLOOKUP(id,Attributes!A:A,Attributes!P:P,"",0), t3v,XLOOKUP(id,Attributes!A:A,Attributes!Q:Q,"",0), t3p,XLOOKUP(id,Attributes!A:A,Attributes!R:R,"",0), thv,XLOOKUP(id,Attributes!A:A,Attributes!S:S,"",0), thpp,XLOOKUP(id,Attributes!A:A,Attributes!T:T,"",0), thpf,XLOOKUP(id,Attributes!A:A,Attributes!U:U,"",0), pts, IF(typ="COUNT", MIN(cnt,maxu)*ppu, IF(typ="RANGE_LINEAR", IF(rdir="Higher", IF(val<=rmin,0,IF(val>=rmax,rpts,(val-rmin)/(rmax-rmin)*rpts)), IF(val>=rmin,0,IF(val<=rmax,rpts,(rmin-val)/(rmin-rmax)*rpts)) ), IF(typ="TIERED", IF(val>=t3v,t3p,IF(val>=t2v,t2p,IF(val>=t1v,t1p,0))), IF(typ="THRESHOLD", IF(val>=thv,thpp,thpf), 0)))), pts) | F12: =XLOOKUP(B12,Attributes!A:A,Attributes!D:D,"",0) | G12: =E12*F12
A13: Offeror B | B13: A6 | C13: 1 | E13: =LET( id,B13, typ,XLOOKUP(id,Attributes!A:A,Attributes!E:E,"",0), val,IFERROR(C13,0), cnt,IFERROR(D13,0), ppu,XLOOKUP(id,Attributes!A:A,Attributes!G:G,"",0), maxu,XLOOKUP(id,Attributes!A:A,Attributes!H:H,"",0), rmin,XLOOKUP(id,Attributes!A:A,Attributes!I:I,"",0), rmax,XLOOKUP(id,Attributes!A:A,Attributes!J:J,"",0), rpts,XLOOKUP(id,Attributes!A:A,Attributes!K:K,"",0), rdir,XLOOKUP(id,Attributes!A:A,Attributes!L:L,"",0), t1v,XLOOKUP(id,Attributes!A:A,Attributes!M:M,"",0), t1p,XLOOKUP(id,Attributes!A:A,Attributes!N:N,"",0), t2v,XLOOKUP(id,Attributes!A:A,Attributes!O:O,"",0), t2p,XLOOKUP(id,Attributes!A:A,Attributes!P:P,"",0), t3v,XLOOKUP(id,Attributes!A:A,Attributes!Q:Q,"",0), t3p,XLOOKUP(id,Attributes!A:A,Attributes!R:R,"",0), thv,XLOOKUP(id,Attributes!A:A,Attributes!S:S,"",0), thpp,XLOOKUP(id,Attributes!A:A,Attributes!T:T,"",0), thpf,XLOOKUP(id,Attributes!A:A,Attributes!U:U,"",0), pts, IF(typ="COUNT", MIN(cnt,maxu)*ppu, IF(typ="RANGE_LINEAR", IF(rdir="Higher", IF(val<=rmin,0,IF(val>=rmax,rpts,(val-rmin)/(rmax-rmin)*rpts)), IF(val>=rmin,0,IF(val<=rmax,rpts,(rmin-val)/(rmin-rmax)*rpts)) ), IF(typ="TIERED", IF(val>=t3v,t3p,IF(val>=t2v,t2p,IF(val>=t1v,t1p,0))), IF(typ="THRESHOLD", IF(val>=thv,thpp,thpf), 0)))), pts) | F13: =XLOOKUP(B13,Attributes!A:A,Attributes!D:D,"",0) | G13: =E13*F13
F14: Total Weighted Technical Score (per offeror):
