Workbook

Sheet Summary
A1: Category | B1: Base | C1: OY1 | D1: OY2 | E1: OY3 | F1: OY4 | G1: OY5 | H1: Grand Total
A2: Labor | B2: =SUM(Labor_ByYear!R:R) | C2: =SUM(Labor_ByYear!S:S) | D2: =SUM(Labor_ByYear!T:T) | E2: =SUM(Labor_ByYear!U:U) | F2: =SUM(Labor_ByYear!V:V) | G2: =SUM(Labor_ByYear!W:W) | H2: =SUM(B2:G2)
A3: ODCs | B3: =SUM(ODCs_ByYear!K:K) | C3: =SUM(ODCs_ByYear!L:L) | D3: =SUM(ODCs_ByYear!M:M) | E3: =SUM(ODCs_ByYear!N:N) | F3: =SUM(ODCs_ByYear!O:O) | G3: =SUM(ODCs_ByYear!P:P) | H3: =SUM(B3:G3)
A4: Travel | B4: =SUM(Travel_ByYear!L:L) | C4: =SUM(Travel_ByYear!M:M) | D4: =SUM(Travel_ByYear!N:N) | E4: =SUM(Travel_ByYear!O:O) | F4: =SUM(Travel_ByYear!P:P) | G4: =SUM(Travel_ByYear!Q:Q) | H4: =SUM(B4:G4)
A5: Subtotal (Base+OY1-5) | H5: =SUM(H2:H4)
A6: 52.217-8 Applies (Y/N) | B6: Y | C6: Months | D6: 6
A7: 52.217-8 Extension (by category) | H7: =(IF($B$6="Y",$D$6/12*LOOKUP(2,1/(B2:G2<>0),B2:G2),0))+(IF($B$6="Y",$D$6/12*LOOKUP(2,1/(B3:G3<>0),B3:G3),0))+(IF($B$6="Y",$D$6/12*LOOKUP(2,1/(B4:G4<>0),B4:G4),0))
A8: Grand Total incl. 52.217-8 | H8: =H5+H7

Sheet Escalation
A1: Year | B1: Factor
A2: Base | B2: 1
A3: OY1 | B3: 1.02
A4: OY2 | B4: 1.03
A5: OY3 | B5: 1.04
A6: OY4 | B6: 1.05
A7: OY5 | B7: 1.06

Sheet Labor_ByYear
A1: Labor_Category | B1: FTE_or_Hours | C1: Unit(FTE/Hr) | D1: Site | E1: Base_Rate | F1: Fringe_% | G1: OH_% | H1: G&A_% | I1: Fee_% | J1: Hours | K1: Burdened_Rate | L1: Inc_Base | M1: Inc_OY1 | N1: Inc_OY2 | O1: Inc_OY3 | P1: Inc_OY4 | Q1: Inc_OY5 | R1: Notes | S1: Base | T1: OY1 | U1: OY2 | V1: OY3 | W1: OY4 | X1: OY5 | Y1: Total
J2: =IF(C2="FTE",B2*1880,B2) | K2: =E2*(1+F2)*(1+G2)*(1+H2)*(1+I2) | R2: =IF(L2="Y",J2*K2*Escalation!$B$2,0) | S2: =IF(M2="Y",J2*K2*Escalation!$B$3,0) | T2: =IF(N2="Y",J2*K2*Escalation!$B$4,0) | U2: =IF(O2="Y",J2*K2*Escalation!$B$5,0) | V2: =IF(P2="Y",J2*K2*Escalation!$B$6,0) | W2: =IF(Q2="Y",J2*K2*Escalation!$B$7,0) | X2: =SUM(R2:W2)
J3: =IF(C3="FTE",B3*1880,B3) | K3: =E3*(1+F3)*(1+G3)*(1+H3)*(1+I3) | R3: =IF(L3="Y",J3*K3*Escalation!$B$2,0) | S3: =IF(M3="Y",J3*K3*Escalation!$B$3,0) | T3: =IF(N3="Y",J3*K3*Escalation!$B$4,0) | U3: =IF(O3="Y",J3*K3*Escalation!$B$5,0) | V3: =IF(P3="Y",J3*K3*Escalation!$B$6,0) | W3: =IF(Q3="Y",J3*K3*Escalation!$B$7,0) | X3: =SUM(R3:W3)
J4: =IF(C4="FTE",B4*1880,B4) | K4: =E4*(1+F4)*(1+G4)*(1+H4)*(1+I4) | R4: =IF(L4="Y",J4*K4*Escalation!$B$2,0) | S4: =IF(M4="Y",J4*K4*Escalation!$B$3,0) | T4: =IF(N4="Y",J4*K4*Escalation!$B$4,0) | U4: =IF(O4="Y",J4*K4*Escalation!$B$5,0) | V4: =IF(P4="Y",J4*K4*Escalation!$B$6,0) | W4: =IF(Q4="Y",J4*K4*Escalation!$B$7,0) | X4: =SUM(R4:W4)
J5: =IF(C5="FTE",B5*1880,B5) | K5: =E5*(1+F5)*(1+G5)*(1+H5)*(1+I5) | R5: =IF(L5="Y",J5*K5*Escalation!$B$2,0) | S5: =IF(M5="Y",J5*K5*Escalation!$B$3,0) | T5: =IF(N5="Y",J5*K5*Escalation!$B$4,0) | U5: =IF(O5="Y",J5*K5*Escalation!$B$5,0) | V5: =IF(P5="Y",J5*K5*Escalation!$B$6,0) | W5: =IF(Q5="Y",J5*K5*Escalation!$B$7,0) | X5: =SUM(R5:W5)
J6: =IF(C6="FTE",B6*1880,B6) | K6: =E6*(1+F6)*(1+G6)*(1+H6)*(1+I6) | R6: =IF(L6="Y",J6*K6*Escalation!$B$2,0) | S6: =IF(M6="Y",J6*K6*Escalation!$B$3,0) | T6: =IF(N6="Y",J6*K6*Escalation!$B$4,0) | U6: =IF(O6="Y",J6*K6*Escalation!$B$5,0) | V6: =IF(P6="Y",J6*K6*Escalation!$B$6,0) | W6: =IF(Q6="Y",J6*K6*Escalation!$B$7,0) | X6: =SUM(R6:W6)
J7: =IF(C7="FTE",B7*1880,B7) | K7: =E7*(1+F7)*(1+G7)*(1+H7)*(1+I7) | R7: =IF(L7="Y",J7*K7*Escalation!$B$2,0) | S7: =IF(M7="Y",J7*K7*Escalation!$B$3,0) | T7: =IF(N7="Y",J7*K7*Escalation!$B$4,0) | U7: =IF(O7="Y",J7*K7*Escalation!$B$5,0) | V7: =IF(P7="Y",J7*K7*Escalation!$B$6,0) | W7: =IF(Q7="Y",J7*K7*Escalation!$B$7,0) | X7: =SUM(R7:W7)
J8: =IF(C8="FTE",B8*1880,B8) | K8: =E8*(1+F8)*(1+G8)*(1+H8)*(1+I8) | R8: =IF(L8="Y",J8*K8*Escalation!$B$2,0) | S8: =IF(M8="Y",J8*K8*Escalation!$B$3,0) | T8: =IF(N8="Y",J8*K8*Escalation!$B$4,0) | U8: =IF(O8="Y",J8*K8*Escalation!$B$5,0) | V8: =IF(P8="Y",J8*K8*Escalation!$B$6,0) | W8: =IF(Q8="Y",J8*K8*Escalation!$B$7,0) | X8: =SUM(R8:W8)
J9: =IF(C9="FTE",B9*1880,B9) | K9: =E9*(1+F9)*(1+G9)*(1+H9)*(1+I9) | R9: =IF(L9="Y",J9*K9*Escalation!$B$2,0) | S9: =IF(M9="Y",J9*K9*Escalation!$B$3,0) | T9: =IF(N9="Y",J9*K9*Escalation!$B$4,0) | U9: =IF(O9="Y",J9*K9*Escalation!$B$5,0) | V9: =IF(P9="Y",J9*K9*Escalation!$B$6,0) | W9: =IF(Q9="Y",J9*K9*Escalation!$B$7,0) | X9: =SUM(R9:W9)
J10: =IF(C10="FTE",B10*1880,B10) | K10: =E10*(1+F10)*(1+G10)*(1+H10)*(1+I10) | R10: =IF(L10="Y",J10*K10*Escalation!$B$2,0) | S10: =IF(M10="Y",J10*K10*Escalation!$B$3,0) | T10: =IF(N10="Y",J10*K10*Escalation!$B$4,0) | U10: =IF(O10="Y",J10*K10*Escalation!$B$5,0) | V10: =IF(P10="Y",J10*K10*Escalation!$B$6,0) | W10: =IF(Q10="Y",J10*K10*Escalation!$B$7,0) | X10: =SUM(R10:W10)
J11: =IF(C11="FTE",B11*1880,B11) | K11: =E11*(1+F11)*(1+G11)*(1+H11)*(1+I11) | R11: =IF(L11="Y",J11*K11*Escalation!$B$2,0) | S11: =IF(M11="Y",J11*K11*Escalation!$B$3,0) | T11: =IF(N11="Y",J11*K11*Escalation!$B$4,0) | U11: =IF(O11="Y",J11*K11*Escalation!$B$5,0) | V11: =IF(P11="Y",J11*K11*Escalation!$B$6,0) | W11: =IF(Q11="Y",J11*K11*Escalation!$B$7,0) | X11: =SUM(R11:W11)
J12: =IF(C12="FTE",B12*1880,B12) | K12: =E12*(1+F12)*(1+G12)*(1+H12)*(1+I12) | R12: =IF(L12="Y",J12*K12*Escalation!$B$2,0) | S12: =IF(M12="Y",J12*K12*Escalation!$B$3,0) | T12: =IF(N12="Y",J12*K12*Escalation!$B$4,0) | U12: =IF(O12="Y",J12*K12*Escalation!$B$5,0) | V12: =IF(P12="Y",J12*K12*Escalation!$B$6,0) | W12: =IF(Q12="Y",J12*K12*Escalation!$B$7,0) | X12: =SUM(R12:W12)
J13: =IF(C13="FTE",B13*1880,B13) | K13: =E13*(1+F13)*(1+G13)*(1+H13)*(1+I13) | R13: =IF(L13="Y",J13*K13*Escalation!$B$2,0) | S13: =IF(M13="Y",J13*K13*Escalation!$B$3,0) | T13: =IF(N13="Y",J13*K13*Escalation!$B$4,0) | U13: =IF(O13="Y",J13*K13*Escalation!$B$5,0) | V13: =IF(P13="Y",J13*K13*Escalation!$B$6,0) | W13: =IF(Q13="Y",J13*K13*Escalation!$B$7,0) | X13: =SUM(R13:W13)
... J501: =IF(C501="FTE",B501*1880,B501) | K501: =E501*(1+F501)*(1+G501)*(1+H501)*(1+I501) | R501: =IF(L501="Y",J501*K501*Escalation!$B$2,0) | S501: =IF(M501="Y",J501*K501*Escalation!$B$3,0) | T501: =IF(N501="Y",J501*K501*Escalation!$B$4,0) | U501: =IF(O501="Y",J501*K501*Escalation!$B$5,0) | V501: =IF(P501="Y",J501*K501*Escalation!$B$6,0) | W501: =IF(Q501="Y",J501*K501*Escalation!$B$7,0) | X501: =SUM(R501:W501)

Sheet ODCs_ByYear
A1: Item | B1: Qty | C1: Unit | D1: Unit_Price | E1: Inc_Base | F1: Inc_OY1 | G1: Inc_OY2 | H1: Inc_OY3 | I1: Inc_OY4 | J1: Inc_OY5 | K1: Base | L1: OY1 | M1: OY2 | N1: OY3 | O1: OY4 | P1: OY5 | Q1: Notes | R1: Total
K2: =IF(E2="Y",B2*D2*Escalation!$B$2,0) | L2: =IF(F2="Y",B2*D2*Escalation!$B$3,0) | M2: =IF(G2="Y",B2*D2*Escalation!$B$4,0) | N2: =IF(H2="Y",B2*D2*Escalation!$B$5,0) | O2: =IF(I2="Y",B2*D2*Escalation!$B$6,0) | P2: =IF(J2="Y",B2*D2*Escalation!$B$7,0) | R2: =SUM(K2:P2)
K3: =IF(E3="Y",B3*D3*Escalation!$B$2,0) | L3: =IF(F3="Y",B3*D3*Escalation!$B$3,0) | M3: =IF(G3="Y",B3*D3*Escalation!$B$4,0) | N3: =IF(H3="Y",B3*D3*Escalation!$B$5,0) | O3: =IF(I3="Y",B3*D3*Escalation!$B$6,0) | P3: =IF(J3="Y",B3*D3*Escalation!$B$7,0) | R3: =SUM(K3:P3)
K4: =IF(E4="Y",B4*D4*Escalation!$B$2,0) | L4: =IF(F4="Y",B4*D4*Escalation!$B$3,0) | M4: =IF(G4="Y",B4*D4*Escalation!$B$4,0) | N4: =IF(H4="Y",B4*D4*Escalation!$B$5,0) | O4: =IF(I4="Y",B4*D4*Escalation!$B$6,0) | P4: =IF(J4="Y",B4*D4*Escalation!$B$7,0) | R4: =SUM(K4:P4)
K5: =IF(E5="Y",B5*D5*Escalation!$B$2,0) | L5: =IF(F5="Y",B5*D5*Escalation!$B$3,0) | M5: =IF(G5="Y",B5*D5*Escalation!$B$4,0) | N5: =IF(H5="Y",B5*D5*Escalation!$B$5,0) | O5: =IF(I5="Y",B5*D5*Escalation!$B$6,0) | P5: =IF(J5="Y",B5*D5*Escalation!$B$7,0) | R5: =SUM(K5:P5)
K6: =IF(E6="Y",B6*D6*Escalation!$B$2,0) | L6: =IF(F6="Y",B6*D6*Escalation!$B$3,0) | M6: =IF(G6="Y",B6*D6*Escalation!$B$4,0) | N6: =IF(H6="Y",B6*D6*Escalation!$B$5,0) | O6: =IF(I6="Y",B6*D6*Escalation!$B$6,0) | P6: =IF(J6="Y",B6*D6*Escalation!$B$7,0) | R6: =SUM(K6:P6)
K7: =IF(E7="Y",B7*D7*Escalation!$B$2,0) | L7: =IF(F7="Y",B7*D7*Escalation!$B$3,0) | M7: =IF(G7="Y",B7*D7*Escalation!$B$4,0) | N7: =IF(H7="Y",B7*D7*Escalation!$B$5,0) | O7: =IF(I7="Y",B7*D7*Escalation!$B$6,0) | P7: =IF(J7="Y",B7*D7*Escalation!$B$7,0) | R7: =SUM(K7:P7)
K8: =IF(E8="Y",B8*D8*Escalation!$B$2,0) | L8: =IF(F8="Y",B8*D8*Escalation!$B$3,0) | M8: =IF(G8="Y",B8*D8*Escalation!$B$4,0) | N8: =IF(H8="Y",B8*D8*Escalation!$B$5,0) | O8: =IF(I8="Y",B8*D8*Escalation!$B$6,0) | P8: =IF(J8="Y",B8*D8*Escalation!$B$7,0) | R8: =SUM(K8:P8)
K9: =IF(E9="Y",B9*D9*Escalation!$B$2,0) | L9: =IF(F9="Y",B9*D9*Escalation!$B$3,0) | M9: =IF(G9="Y",B9*D9*Escalation!$B$4,0) | N9: =IF(H9="Y",B9*D9*Escalation!$B$5,0) | O9: =IF(I9="Y",B9*D9*Escalation!$B$6,0) | P9: =IF(J9="Y",B9*D9*Escalation!$B$7,0) | R9: =SUM(K9:P9)
K10: =IF(E10="Y",B10*D10*Escalation!$B$2,0) | L10: =IF(F10="Y",B10*D10*Escalation!$B$3,0) | M10: =IF(G10="Y",B10*D10*Escalation!$B$4,0) | N10: =IF(H10="Y",B10*D10*Escalation!$B$5,0) | O10: =IF(I10="Y",B10*D10*Escalation!$B$6,0) | P10: =IF(J10="Y",B10*D10*Escalation!$B$7,0) | R10: =SUM(K10:P10)
K11: =IF(E11="Y",B11*D11*Escalation!$B$2,0) | L11: =IF(F11="Y",B11*D11*Escalation!$B$3,0) | M11: =IF(G11="Y",B11*D11*Escalation!$B$4,0) | N11: =IF(H11="Y",B11*D11*Escalation!$B$5,0) | O11: =IF(I11="Y",B11*D11*Escalation!$B$6,0) | P11: =IF(J11="Y",B11*D11*Escalation!$B$7,0) | R11: =SUM(K11:P11)
K12: =IF(E12="Y",B12*D12*Escalation!$B$2,0) | L12: =IF(F12="Y",B12*D12*Escalation!$B$3,0) | M12: =IF(G12="Y",B12*D12*Escalation!$B$4,0) | N12: =IF(H12="Y",B12*D12*Escalation!$B$5,0) | O12: =IF(I12="Y",B12*D12*Escalation!$B$6,0) | P12: =IF(J12="Y",B12*D12*Escalation!$B$7,0) | R12: =SUM(K12:P12)
K13: =IF(E13="Y",B13*D13*Escalation!$B$2,0) | L13: =IF(F13="Y",B13*D13*Escalation!$B$3,0) | M13: =IF(G13="Y",B13*D13*Escalation!$B$4,0) | N13: =IF(H13="Y",B13*D13*Escalation!$B$5,0) | O13: =IF(I13="Y",B13*D13*Escalation!$B$6,0) | P13: =IF(J13="Y",B13*D13*Escalation!$B$7,0) | R13: =SUM(K13:P13)
... K501: =IF(E501="Y",B501*D501*Escalation!$B$2,0) | L501: =IF(F501="Y",B501*D501*Escalation!$B$3,0) | M501: =IF(G501="Y",B501*D501*Escalation!$B$4,0) | N501: =IF(H501="Y",B501*D501*Escalation!$B$5,0) | O501: =IF(I501="Y",B501*D501*Escalation!$B$6,0) | P501: =IF(J501="Y",B501*D501*Escalation!$B$7,0) | R501: =SUM(K501:P501)

Sheet Travel_ByYear
A1: Trip | B1: Travelers | C1: Days | D1: Airfare | E1: M&IE_per_day | F1: Lodging_per_day | G1: Other | H1: Inc_Base | I1: Inc_OY1 | J1: Inc_OY2 | K1: Inc_OY3 | L1: Inc_OY4 | M1: Inc_OY5 | N1: Base | O1: OY1 | P1: OY2 | Q1: OY3 | R1: OY4 | S1: OY5 | T1: Total
N2: =IF(H2="Y",(D2+C2*(E2+F2)+G2)*Escalation!$B$2,0) | O2: =IF(I2="Y",(D2+C2*(E2+F2)+G2)*Escalation!$B$3,0) | P2: =IF(J2="Y",(D2+C2*(E2+F2)+G2)*Escalation!$B$4,0) | Q2: =IF(K2="Y",(D2+C2*(E2+F2)+G2)*Escalation!$B$5,0) | R2: =IF(L2="Y",(D2+C2*(E2+F2)+G2)*Escalation!$B$6,0) | S2: =IF(M2="Y",(D2+C2*(E2+F2)+G2)*Escalation!$B$7,0) | T2: =SUM(N2:S2)
N3: =IF(H3="Y",(D3+C3*(E3+F3)+G3)*Escalation!$B$2,0) | O3: =IF(I3="Y",(D3+C3*(E3+F3)+G3)*Escalation!$B$3,0) | P3: =IF(J3="Y",(D3+C3*(E3+F3)+G3)*Escalation!$B$4,0) | Q3: =IF(K3="Y",(D3+C3*(E3+F3)+G3)*Escalation!$B$5,0) | R3: =IF(L3="Y",(D3+C3*(E3+F3)+G3)*Escalation!$B$6,0) | S3: =IF(M3="Y",(D3+C3*(E3+F3)+G3)*Escalation!$B$7,0) | T3: =SUM(N3:S3)
N4: =IF(H4="Y",(D4+C4*(E4+F4)+G4)*Escalation!$B$2,0) | O4: =IF(I4="Y",(D4+C4*(E4+F4)+G4)*Escalation!$B$3,0) | P4: =IF(J4="Y",(D4+C4*(E4+F4)+G4)*Escalation!$B$4,0) | Q4: =IF(K4="Y",(D4+C4*(E4+F4)+G4)*Escalation!$B$5,0) | R4: =IF(L4="Y",(D4+C4*(E4+F4)+G4)*Escalation!$B$6,0) | S4: =IF(M4="Y",(D4+C4*(E4+F4)+G4)*Escalation!$B$7,0) | T4: =SUM(N4:S4)
N5: =IF(H5="Y",(D5+C5*(E5+F5)+G5)*Escalation!$B$2,0) | O5: =IF(I5="Y",(D5+C5*(E5+F5)+G5)*Escalation!$B$3,0) | P5: =IF(J5="Y",(D5+C5*(E5+F5)+G5)*Escalation!$B$4,0) | Q5: =IF(K5="Y",(D5+C5*(E5+F5)+G5)*Escalation!$B$5,0) | R5: =IF(L5="Y",(D5+C5*(E5+F5)+G5)*Escalation!$B$6,0) | S5: =IF(M5="Y",(D5+C5*(E5+F5)+G5)*Escalation!$B$7,0) | T5: =SUM(N5:S5)
N6: =IF(H6="Y",(D6+C6*(E6+F6)+G6)*Escalation!$B$2,0) | O6: =IF(I6="Y",(D6+C6*(E6+F6)+G6)*Escalation!$B$3,0) | P6: =IF(J6="Y",(D6+C6*(E6+F6)+G6)*Escalation!$B$4,0) | Q6: =IF(K6="Y",(D6+C6*(E6+F6)+G6)*Escalation!$B$5,0) | R6: =IF(L6="Y",(D6+C6*(E6+F6)+G6)*Escalation!$B$6,0) | S6: =IF(M6="Y",(D6+C6*(E6+F6)+G6)*Escalation!$B$7,0) | T6: =SUM(N6:S6)
N7: =IF(H7="Y",(D7+C7*(E7+F7)+G7)*Escalation!$B$2,0) | O7: =IF(I7="Y",(D7+C7*(E7+F7)+G7)*Escalation!$B$3,0) | P7: =IF(J7="Y",(D7+C7*(E7+F7)+G7)*Escalation!$B$4,0) | Q7: =IF(K7="Y",(D7+C7*(E7+F7)+G7)*Escalation!$B$5,0) | R7: =IF(L7="Y",(D7+C7*(E7+F7)+G7)*Escalation!$B$6,0) | S7: =IF(M7="Y",(D7+C7*(E7+F7)+G7)*Escalation!$B$7,0) | T7: =SUM(N7:S7)
N8: =IF(H8="Y",(D8+C8*(E8+F8)+G8)*Escalation!$B$2,0) | O8: =IF(I8="Y",(D8+C8*(E8+F8)+G8)*Escalation!$B$3,0) | P8: =IF(J8="Y",(D8+C8*(E8+F8)+G8)*Escalation!$B$4,0) | Q8: =IF(K8="Y",(D8+C8*(E8+F8)+G8)*Escalation!$B$5,0) | R8: =IF(L8="Y",(D8+C8*(E8+F8)+G8)*Escalation!$B$6,0) | S8: =IF(M8="Y",(D8+C8*(E8+F8)+G8)*Escalation!$B$7,0) | T8: =SUM(N8:S8)
N9: =IF(H9="Y",(D9+C9*(E9+F9)+G9)*Escalation!$B$2,0) | O9: =IF(I9="Y",(D9+C9*(E9+F9)+G9)*Escalation!$B$3,0) | P9: =IF(J9="Y",(D9+C9*(E9+F9)+G9)*Escalation!$B$4,0) | Q9: =IF(K9="Y",(D9+C9*(E9+F9)+G9)*Escalation!$B$5,0) | R9: =IF(L9="Y",(D9+C9*(E9+F9)+G9)*Escalation!$B$6,0) | S9: =IF(M9="Y",(D9+C9*(E9+F9)+G9)*Escalation!$B$7,0) | T9: =SUM(N9:S9)
N10: =IF(H10="Y",(D10+C10*(E10+F10)+G10)*Escalation!$B$2,0) | O10: =IF(I10="Y",(D10+C10*(E10+F10)+G10)*Escalation!$B$3,0) | P10: =IF(J10="Y",(D10+C10*(E10+F10)+G10)*Escalation!$B$4,0) | Q10: =IF(K10="Y",(D10+C10*(E10+F10)+G10)*Escalation!$B$5,0) | R10: =IF(L10="Y",(D10+C10*(E10+F10)+G10)*Escalation!$B$6,0) | S10: =IF(M10="Y",(D10+C10*(E10+F10)+G10)*Escalation!$B$7,0) | T10: =SUM(N10:S10)
N11: =IF(H11="Y",(D11+C11*(E11+F11)+G11)*Escalation!$B$2,0) | O11: =IF(I11="Y",(D11+C11*(E11+F11)+G11)*Escalation!$B$3,0) | P11: =IF(J11="Y",(D11+C11*(E11+F11)+G11)*Escalation!$B$4,0) | Q11: =IF(K11="Y",(D11+C11*(E11+F11)+G11)*Escalation!$B$5,0) | R11: =IF(L11="Y",(D11+C11*(E11+F11)+G11)*Escalation!$B$6,0) | S11: =IF(M11="Y",(D11+C11*(E11+F11)+G11)*Escalation!$B$7,0) | T11: =SUM(N11:S11)
N12: =IF(H12="Y",(D12+C12*(E12+F12)+G12)*Escalation!$B$2,0) | O12: =IF(I12="Y",(D12+C12*(E12+F12)+G12)*Escalation!$B$3,0) | P12: =IF(J12="Y",(D12+C12*(E12+F12)+G12)*Escalation!$B$4,0) | Q12: =IF(K12="Y",(D12+C12*(E12+F12)+G12)*Escalation!$B$5,0) | R12: =IF(L12="Y",(D12+C12*(E12+F12)+G12)*Escalation!$B$6,0) | S12: =IF(M12="Y",(D12+C12*(E12+F12)+G12)*Escalation!$B$7,0) | T12: =SUM(N12:S12)
N13: =IF(H13="Y",(D13+C13*(E13+F13)+G13)*Escalation!$B$2,0) | O13: =IF(I13="Y",(D13+C13*(E13+F13)+G13)*Escalation!$B$3,0) | P13: =IF(J13="Y",(D13+C13*(E13+F13)+G13)*Escalation!$B$4,0) | Q13: =IF(K13="Y",(D13+C13*(E13+F13)+G13)*Escalation!$B$5,0) | R13: =IF(L13="Y",(D13+C13*(E13+F13)+G13)*Escalation!$B$6,0) | S13: =IF(M13="Y",(D13+C13*(E13+F13)+G13)*Escalation!$B$7,0) | T13: =SUM(N13:S13)
... N501: =IF(H501="Y",(D501+C501*(E501+F501)+G501)*Escalation!$B$2,0) | O501: =IF(I501="Y",(D501+C501*(E501+F501)+G501)*Escalation!$B$3,0) | P501: =IF(J501="Y",(D501+C501*(E501+F501)+G501)*Escalation!$B$4,0) | Q501: =IF(K501="Y",(D501+C501*(E501+F501)+G501)*Escalation!$B$5,0) | R501: =IF(L501="Y",(D501+C501*(E501+F501)+G501)*Escalation!$B$6,0) | S501: =IF(M501="Y",(D501+C501*(E501+F501)+G501)*Escalation!$B$7,0) | T501: =SUM(N501:S501)

Sheet History_Comparables
A1: PIID | B1: Vendor | C1: Vehicle | D1: Amount | E1: POP_Start | F1: POP_End | G1: URL | H1: Notes

Sheet Sources
A1: URL | B1: Date_Accessed | C1: Used_For(labor/odc/travel/history)

Sheet Checks
A1: Check | B1: Result
A2: Any missing include flags (Labor)? | B2: =COUNTIF(Labor_ByYear!L2:Q500,"")
A3: Any missing include flags (ODCs)? | B3: =COUNTIF(ODCs_ByYear!E2:J500,"")
A4: Any missing include flags (Travel)? | B4: =COUNTIF(Travel_ByYear!H2:M500,"")
A5: Missing URLs in Sources? | B5: =COUNTBLANK(Sources!A2:A200)
A6: If 52.217-8 applies, Months (D6) between 1 and 6? | B6: =IF(Summary!B6="Y",AND(Summary!D6>=1,Summary!D6<=6),TRUE)
A7: Grand total present? | B7: =IF(Summary!H8>0,TRUE,FALSE)
